fecha_exacta,dia,mes,media_de_espectadores,mensajes_del_chat,seguimientos,espectadores_maximos,minutos_de_emision,ingresos_por_suscripciones,ingresos_de_prime,ingresos_por_suscripciones_de_regalo,ingresos_por_bits,suscripciones_a_prime,total_de_suscripciones_de_pago,total_de_suscripciones_de_regalo
Mon Mar 01 2021,Mon,Mar,2.38,148,2,5,133,0,0,0,0,0,0,0
Tue Mar 02 2021,Tue,Mar,3,86,6,6,64,0,0,0,0,0,0,0
Wed Mar 03 2021,Wed,Mar,1.38,50,2,3,68,0,0,0,0,0,0,0
Thu Mar 04 2021,Thu,Mar,5.52,132,9,10,96,0,0,0,0,0,0,0
Fri Mar 05 2021,Fri,Mar,3.05,549,3,6,184,0,0,0,0,0,0,0
Sat Mar 06 2021,Sat,Mar,5.35,482,31,16,327,0,0,0,0,0,0,0
Sun Mar 07 2021,Sun,Mar,4.76,148,17,9,87,0,0,0,0,0,0,0
Mon Mar 08 2021,Mon,Mar,25.39,388,44,78,191,0,0,0,0,0,0,0
Tue Mar 09 2021,Tue,Mar,47.73,278,63,69,78,0,1.7465,0,0,1,0,0
Wed Mar 10 2021,Wed,Mar,25.01,296,79,33,75,0,0,0,1,0,0,0
Thu Mar 11 2021,Thu,Mar,14.84,378,35,37,140,0,0,0,0,0,0,0
Fri Mar 12 2021,Fri,Mar,12.04,741,18,23,136,0,0,0,0,0,0,0
Sat Mar 13 2021,Sat,Mar,18.44,668,19,27,115,0,1.7465,0,0,1,0,0
Sun Mar 14 2021,Sun,Mar,16,317,35,24,123,0,0,0,0,0,0,0
Mon Mar 15 2021,Mon,Mar,69.66,586,51,87,90,0,0,0,0,0,0,0
Tue Mar 16 2021,Tue,Mar,70.36,691,40,90,83,0,1.7465,0,0.02,1,0,0
Wed Mar 17 2021,Wed,Mar,22.53,277,14,42,113,1.38,1.7465,0,0,1,1,0
Thu Mar 18 2021,Thu,Mar,53.2,872,138,361,121,0,0,0,0,0,0,0
Fri Mar 19 2021,Fri,Mar,40.79,365,43,63,100,0,1.7465,0,1,1,0,0
Sat Mar 20 2021,Sat,Mar,33.81,592,25,49,116,0,0,0,0,0,0,0
Sun Mar 21 2021,Sun,Mar,16.9,771,131,32,221,1.47,0,0,0,0,1,0
Mon Mar 22 2021,Mon,Mar,48.28,1528,117,108,210,5.908,0,15.9355,1.36,0,5,10
Tue Mar 23 2021,Tue,Mar,74.61,912,63,108,99,0,0,0,0,0,0,0
Wed Mar 24 2021,Wed,Mar,27.51,282,20,43,51,0,0,0,0,0,0,0
Thu Mar 25 2021,Thu,Mar,0,45,13,0,0,0,0,0,0,0,0,0
Fri Mar 26 2021,Fri,Mar,55.66,650,39,80,106,0,0,0,0,0,0,0
Sat Mar 27 2021,Sat,Mar,71.77,487,33,94,73,0,0,0,0,0,0,0
Sun Mar 28 2021,Sun,Mar,52.28,744,46,71,108,0,0,0,0,0,0,0
Mon Mar 29 2021,Mon,Mar,88.88,605,37,111,74,1.2355,0,0,0,0,1,0
Tue Mar 30 2021,Tue,Mar,89.72,730,56,112,87,0,0,0,0,0,0,0
Wed Mar 31 2021,Wed,Mar,0,20,22,0,0,0,0,0,0,0,0,0
Thu Apr 01 2021,Thu,Apr,71.28,761,38,86,105,0,0,0,0,0,0,0
Fri Apr 02 2021,Fri,Apr,56.84,703,24,75,119,0,0,0,0,0,0,0
Sat Apr 03 2021,Sat,Apr,71.62,896,31,102,95,0,0,0,0.2,0,0,0
Sun Apr 04 2021,Sun,Apr,78.08,765,32,104,90,0,0,0,0,0,0,0
Mon Apr 05 2021,Mon,Apr,112.94,1515,49,137,89,0,0,0,0,0,0,0
Tue Apr 06 2021,Tue,Apr,119.74,1438,52,191,89,1.239,0,8.12,0.3,0,1,5
Wed Apr 07 2021,Wed,Apr,0,19,18,0,0,0,1.7465,0,0,1,0,0
Thu Apr 08 2021,Thu,Apr,68.15,424,34,89,99,0,0,0,0,0,0,0
Fri Apr 09 2021,Fri,Apr,52.81,495,23,76,102,0,0,0,0,0,0,0
Sat Apr 10 2021,Sat,Apr,99.33,1097,33,124,100,0,0,0,0.02,0,0,0
Sun Apr 11 2021,Sun,Apr,83.63,841,29,104,104,0,0,0,1.52,0,0,0
Mon Apr 12 2021,Mon,Apr,113.68,1314,37,141,71,0,0,0,0.41,0,0,0
Tue Apr 13 2021,Tue,Apr,114.58,1159,49,192,89,0,0,0,7.6,0,0,0
Wed Apr 14 2021,Wed,Apr,65.43,451,25,80,77,0,1.7465,0,0.11,1,0,0
Thu Apr 15 2021,Thu,Apr,59.48,320,14,73,81,0,0,0,0,0,0,0
Fri Apr 16 2021,Fri,Apr,0,8,9,0,0,0,0,0,0,0,0,0
Sat Apr 17 2021,Sat,Apr,78.4,648,13,99,79,0,0,0,0,0,0,0
Sun Apr 18 2021,Sun,Apr,74.73,559,17,90,82,0,0,0,1,0,0,0
Mon Apr 19 2021,Mon,Apr,96.07,835,26,117,70,0,0,0,0.02,0,0,0
Tue Apr 20 2021,Tue,Apr,92.93,524,33,117,70,0,0,0,0.02,0,0,0
Wed Apr 21 2021,Wed,Apr,53.88,504,24,74,82,0,0,0,0.1,0,0,0
Thu Apr 22 2021,Thu,Apr,36.33,542,35,58,105,3.836,0,0,0.01,0,2,0
Fri Apr 23 2021,Fri,Apr,0,12,15,0,0,0,0,0,0,0,0,0
Sat Apr 24 2021,Sat,Apr,66.35,1071,26,89,82,0,0,0,0,0,0,0
Sun Apr 25 2021,Sun,Apr,79.97,725,25,102,90,1.589,1.7465,0,0,1,1,0
Mon Apr 26 2021,Mon,Apr,132.39,862,33,159,73,0,0,0,0,0,0,0
Tue Apr 27 2021,Tue,Apr,100.77,1539,319,309,132,0,1.7465,0,0.02,1,0,0
Wed Apr 28 2021,Wed,Apr,180.59,1634,299,220,71,0,0,1.61,0.4,0,0,1
Thu Apr 29 2021,Thu,Apr,128.51,927,204,165,67,1.589,0,0,1,0,1,0
Fri Apr 30 2021,Fri,Apr,0,56,48,0,0,0,0,0,0.01,0,0,0
Sat May 01 2021,Sat,May,170.49,1844,91,200,84,0,0,0,0,0,0,0
Sun May 02 2021,Sun,May,166.98,1804,84,200,80,0,0,0,1,0,0,0
Mon May 03 2021,Mon,May,271.16,2219,186,319,78,3.913,0,0,1.2,0,2,0
Tue May 04 2021,Tue,May,292.55,2310,342,339,84,0,1.7465,9.5655,0,1,0,5
Wed May 05 2021,Wed,May,197.47,1290,329,261,61,1.239,1.7465,8.12,3.79,1,1,5
Thu May 06 2021,Thu,May,137.08,1015,243,180,59,0,0,0,2.5,0,0,0
Fri May 07 2021,Fri,May,31.02,1250,219,152,244,1.239,0,0,0.2,0,1,0
Sat May 08 2021,Sat,May,61.82,3657,229,302,442,1.575,3.493,0,1.65,2,1,0
Sun May 09 2021,Sun,May,127.59,1957,92,254,143,4.06,0,0,1.3,0,3,0
Mon May 10 2021,Mon,May,111.55,2796,186,353,230,0,0,0,0.1,0,0,0
Tue May 11 2021,Tue,May,133.96,3296,111,357,190,0,0,0,2.3,0,0,0
Wed May 12 2021,Wed,May,53.63,1383,66,168,227,4.248,1.7465,13.0165,2.49,1,3,8
Thu May 13 2021,Thu,May,69.71,1452,46,161,184,0,0,0,0.65,0,0,0
Fri May 14 2021,Fri,May,0,20,12,0,0,1.239,1.7465,0,0.5,1,1,0
Sat May 15 2021,Sat,May,0,25,12,0,0,0,0,0,0,0,0,0
Sun May 16 2021,Sun,May,121.11,4164,126,244,200,0,0,0,0.04,0,0,0
Mon May 17 2021,Mon,May,219.38,1471,51,276,74,2.88,3.493,9.8525,48.06,2,2,6
Tue May 18 2021,Tue,May,157.09,1371,18,250,22,0,1.7465,0,1,1,0,0
Wed May 19 2021,Wed,May,188.38,1786,35,217,82,0,0,0,0.01,0,0,0
Thu May 20 2021,Thu,May,83.46,900,80,124,96,1.47,1.7465,0,5.11,1,1,0
Fri May 21 2021,Fri,May,132.01,1323,56,168,78,0,1.7465,0,0.5,1,0,0
Sat May 22 2021,Sat,May,0,31,19,0,0,0,0,2.989,2.89,0,0,2
Sun May 23 2021,Sun,May,78.88,3330,554,196,299,2.2715,0,1.575,1.28,0,1,1
Mon May 24 2021,Mon,May,238.12,2135,136,285,95,2.2715,0.7945,0,0.06,1,1,0
Tue May 25 2021,Tue,May,199.07,1910,110,274,83,4.403,3.493,3.696,26.44,2,3,2
Wed May 26 2021,Wed,May,109.1,758,38,141,69,1.575,3.493,0,0.25,2,1,0
Thu May 27 2021,Thu,May,54.66,1477,29,117,162,0,0,0,0,0,0,0
Fri May 28 2021,Fri,May,26.6,860,567,45,171,0,0,0,1,0,0,0
Sat May 29 2021,Sat,May,133.47,1543,9,163,81,1.575,1.7465,0,0,1,1,0
Sun May 30 2021,Sun,May,140.13,1410,32,188,94,6.104,0,0,0.59,0,3,0
Mon May 31 2021,Mon,May,181.43,2181,29,232,102,0,0,0,0.3,0,0,0
Tue Jun 01 2021,Tue,Jun,174.62,2030,38,212,91,0,0,0,6.5,0,0,0
Wed Jun 02 2021,Wed,Jun,88.81,1170,19,110,76,1.575,0,0,1.2,0,1,0
Thu Jun 03 2021,Thu,Jun,52.21,1668,14,83,127,3.8675,0,0,0.5,0,2,0
Fri Jun 04 2021,Fri,Jun,60.04,1250,35,133,119,0,0,1.575,0,0,0,1
Sat Jun 05 2021,Sat,Jun,140.95,1111,29,169,86,2.478,0,0,3.7,0,2,0
Sun Jun 06 2021,Sun,Jun,75.32,1245,38,186,188,2.772,1.7465,0,3.01,1,1,0
Mon Jun 07 2021,Mon,Jun,180.61,1913,38,228,93,2.366,3.493,0,5.03,2,2,0
Tue Jun 08 2021,Tue,Jun,101.81,1631,1406,190,88,0,1.7465,0,7.24,1,0,0
Wed Jun 09 2021,Wed,Jun,101.34,1397,227,165,118,0,0,0,0.5,0,0,0
Thu Jun 10 2021,Thu,Jun,35.45,1282,178,104,283,1.911,0,0,0.39,0,1,0
Fri Jun 11 2021,Fri,Jun,173.01,1400,62,234,96,0,0,0,0,0,1,0
Sat Jun 12 2021,Sat,Jun,69.18,2157,33,225,259,8.855,2.541,1.4,0.7,2,6,1
Sun Jun 13 2021,Sun,Jun,64.39,1887,27,196,237,9.016,0,1.575,0.3,0,5,1
Mon Jun 14 2021,Mon,Jun,167.77,1802,29,209,78,2.478,0,0,2.05,0,2,0
Tue Jun 15 2021,Tue,Jun,111.92,1939,26,221,126,1.127,0,0,0.05,0,1,0
Wed Jun 16 2021,Wed,Jun,138.99,1145,28,181,80,0,0,0,0.3,0,0,0
Thu Jun 17 2021,Thu,Jun,117.72,1347,14,250,83,2.78,1.7465,0,1.07,1,1,0
Fri Jun 18 2021,Fri,Jun,69.55,3051,2517,239,307,2.702,3.493,0,0,2,2,0
Sat Jun 19 2021,Sat,Jun,84.77,1667,30,194,141,4.207,3.493,0,3.95,2,3,0
Sun Jun 20 2021,Sun,Jun,167.57,2512,19,201,89,3.059,0,0,0,0,1,0
Mon Jun 21 2021,Mon,Jun,47,5064,30,69,174,2.8175,1.7465,13.0025,2.34,1,2,8
Tue Jun 22 2021,Tue,Jun,118.09,6705,25,169,82,0,0,0,0,0,0,0
Wed Jun 23 2021,Wed,Jun,106.4,666,23,123,57,0,1.7465,0,0.7,1,0,0
Thu Jun 24 2021,Thu,Jun,57.43,835,17,73,76,1.869,0,0,0.05,0,1,0
Fri Jun 25 2021,Fri,Jun,89.61,2955,30,174,196,0,0,0,1.99,0,0,0
Sat Jun 26 2021,Sat,Jun,40.98,2266,1065,56,231,1.575,1.7465,0,1.63,1,1,0
Sun Jun 27 2021,Sun,Jun,183.45,1433,42,233,76,0,0,0,0,0,0,0
Mon Jun 28 2021,Mon,Jun,206.43,1469,39,252,75,1.575,1.7465,0,0.15,1,1,0
Tue Jun 29 2021,Tue,Jun,80.38,1281,46,232,141,1.575,3.493,0,0.32,2,1,0
Wed Jun 30 2021,Wed,Jun,112.42,1088,16,133,80,6.224,0,0,0.09,0,5,0
Thu Jul 01 2021,Thu,Jul,70.78,8773,85,149,235,1.876,0,3.15,15,0,1,2
Fri Jul 02 2021,Fri,Jul,54.37,679,20,121,73,0,0,0,1.84,0,0,0
Sat Jul 03 2021,Sat,Jul,77.15,1235,17,171,131,0,0,0,0,0,0,0
Sun Jul 04 2021,Sun,Jul,113.42,1526,36,203,117,1.2425,3.493,0,0.09,2,1,0
Mon Jul 05 2021,Mon,Jul,179.83,2076,28,212,65,1.2425,0,1.2425,1.03,0,1,1
Tue Jul 06 2021,Tue,Jul,82.96,1880,38,214,168,1.6485,1.7465,8.2775,2.1,1,1,5
Wed Jul 07 2021,Wed,Jul,56.76,1415,23,114,138,1.6695,0,0,0,0,1,0
Thu Jul 08 2021,Thu,Jul,44.87,1475,16,80,141,3.164,0,0,0.95,0,2,0
Fri Jul 09 2021,Fri,Jul,94.87,867,29,124,60,0,1.7465,0,0,1,0,0
Sat Jul 10 2021,Sat,Jul,47.13,384,6,71,44,1.8375,0,0,0.08,0,1,0
Sun Jul 11 2021,Sun,Jul,41.56,2912,30,159,242,0,0,0,0.08,0,0,0
Mon Jul 12 2021,Mon,Jul,18.59,645,35,37,218,0,1.7465,0,0.05,1,0,0
Tue Jul 13 2021,Tue,Jul,0,0,6,0,0,1.575,0,0,0,0,1,0
Wed Jul 14 2021,Wed,Jul,0,0,5,0,0,0,0,0,0,0,0,0
Thu Jul 15 2021,Thu,Jul,25.12,788,12,36,123,0,0,0,0,0,0,0
Fri Jul 16 2021,Fri,Jul,23.63,926,17,31,100,1.8165,1.7465,0,0,1,1,0
Sat Jul 17 2021,Sat,Jul,10.74,747,12,19,155,0,0,0,0,0,0,0
Sun Jul 18 2021,Sun,Jul,13.32,82,5,18,18,0,3.493,0,0.1,2,0,0
Mon Jul 19 2021,Mon,Jul,12.17,551,8,22,104,1.6695,0,0,0,0,1,0
Tue Jul 20 2021,Tue,Jul,0,28,7,0,0,0,0,0,0.35,0,0,0
Wed Jul 21 2021,Wed,Jul,10.62,597,12,36,152,1.1305,0,0,0,0,1,0
Thu Jul 22 2021,Thu,Jul,12.09,801,49,24,199,1.575,0,0,0.14,0,1,0
Fri Jul 23 2021,Fri,Jul,0,5,5,0,0,0,1.7465,0,0,1,0,0
Sat Jul 24 2021,Sat,Jul,0,15,9,0,0,1.806,0,0,0,0,1,0
Sun Jul 25 2021,Sun,Jul,84.27,3121,73,169,446,10.2912,6.986,2.7125,5.84,4,7,2
Mon Jul 26 2021,Mon,Jul,0,6,12,0,0,1.575,1.7465,0,1,1,1,0
Tue Jul 27 2021,Tue,Jul,135.07,819,22,179,57,1.3055,0,0,0,0,1,0
Wed Jul 28 2021,Wed,Jul,47.76,2110,33,112,246,2.0545,1.589,0.9205,0,2,3,1
Thu Jul 29 2021,Thu,Jul,42.06,1290,32,123,196,4.4535,3.3355,0,0.16,3,6,0
Fri Jul 30 2021,Fri,Jul,49.17,3084,33,144,246,0,0,0,0.2,0,0,0
Sat Jul 31 2021,Sat,Jul,47.97,942,12,111,142,3.295,1.7465,1.862,7.09,1,4,2
Sun Aug 01 2021,Sun,Aug,24.35,909,5,40,163,0.8085,0,0,0.5,0,1,0
Mon Aug 02 2021,Mon,Aug,92.31,1057,14,176,111,0.8085,1.589,0,0.09,2,1,0
Tue Aug 03 2021,Tue,Aug,105.57,681,14,148,42,7.208,0.7945,2.268,1.55,1,10,3
Wed Aug 04 2021,Wed,Aug,82.6,800,10,109,72,0.5635,0,0,0,0,1,0
Thu Aug 05 2021,Thu,Aug,29.36,845,23,86,223,0.791,0,0,0.02,0,1,0
Fri Aug 06 2021,Fri,Aug,47.2,1104,21,114,141,2.555,0,0,0.11,0,2,0
Sat Aug 07 2021,Sat,Aug,57.22,1511,14,111,158,2.219,0,2.9785,0.52,0,2,5
Sun Aug 08 2021,Sun,Aug,40.17,1370,25,98,296,2.548,0,0,5,0,3,0
Mon Aug 09 2021,Mon,Aug,125.04,672,24,162,74,0.5495,0,0,0,0,1,0
Tue Aug 10 2021,Tue,Aug,125.07,1213,11,187,62,2.464,0,0,0.25,0,3,0
Wed Aug 11 2021,Wed,Aug,0,0,1,0,0,0.56,0,0,1.05,0,1,0
Thu Aug 12 2021,Thu,Aug,27.91,1182,18,71,238,0,0,1.834,0,0,0,2
Fri Aug 13 2021,Fri,Aug,13.54,400,14,31,156,0,0,0.9135,0,0,0,1
Sat Aug 14 2021,Sat,Aug,52.5,267,6,76,17,0,0.7945,0,0,1,0,0
Sun Aug 15 2021,Sun,Aug,67.52,608,7,91,122,0,0,0,0.12,0,0,0
Mon Aug 16 2021,Mon,Aug,51.69,1327,24,197,220,0.805,0,0,0,0,1,0
Tue Aug 17 2021,Tue,Aug,109.6,818,7,129,61,0.553,2.3835,0,0,3,1,0
Wed Aug 18 2021,Wed,Aug,60.8,472,9,131,64,0,0.7945,0,1,1,0,0
Thu Aug 19 2021,Thu,Aug,8.2,366,14,22,89,2.2225,1.729,0.8015,1.8,2,2,1
Fri Aug 20 2021,Fri,Aug,28.59,981,17,99,195,0,0,0,0,0,0,0
Sat Aug 21 2021,Sat,Aug,88.46,954,6,118,71,0.553,0,0,0.36,0,1,0
Sun Aug 22 2021,Sun,Aug,45.08,650,8,54,97,2.7685,0,8.974,0,0,3,10
Mon Aug 23 2021,Mon,Aug,65.47,1084,24,156,140,0,0,0,0.2,0,0,0
Tue Aug 24 2021,Tue,Aug,88.87,723,4,111,54,3.639,0,1.47,1.1,0,5,2
Wed Aug 25 2021,Wed,Aug,35.8,1689,11,80,160,2.002,0,0,0,0,2,0
Thu Aug 26 2021,Thu,Aug,0,4,1,0,0,0.6405,0,0,0,0,1,0
Fri Aug 27 2021,Fri,Aug,91.31,766,8,118,67,0,0,0,0,0,0,0
Sat Aug 28 2021,Sat,Aug,46.48,1706,97,426,238,1.7605,2.3835,0,0.1,3,2,0
Sun Aug 29 2021,Sun,Aug,24.66,733,13,60,204,5.2049,0,0,0,0,6,0
Mon Aug 30 2021,Mon,Aug,50.44,825,11,104,127,0,0,0,0,0,0,0
Tue Aug 31 2021,Tue,Aug,78.43,622,3,94,54,0.8855,0,0,1,0,1,0
Wed Sep 01 2021,Wed,Sep,63.85,713,62,81,73,2.011,1.652,0,0,1,3,0
Thu Sep 02 2021,Thu,Sep,35.63,402,2,48,59,0,0,0,2.6,0,0,0
Fri Sep 03 2021,Fri,Sep,49.04,149,2,71,24,3.066,1.589,9.5445,0,2,4,10
Sat Sep 04 2021,Sat,Sep,0,2,3,0,0,0,0,0,0,0,0,0
Sun Sep 05 2021,Sun,Sep,32.09,411,6,49,97,0,0.7945,0,0,1,0,0
Mon Sep 06 2021,Mon,Sep,0,0,1,0,0,0,0,0,0,0,0,0
Tue Sep 07 2021,Tue,Sep,35.93,453,4,46,70,0,0,0,0,0,0,0
Wed Sep 08 2021,Wed,Sep,0,19,2,0,0,2.562,0,0,0,0,0,0
Thu Sep 09 2021,Thu,Sep,0,0,1,0,0,0,0,0,0,0,0,0
Fri Sep 10 2021,Fri,Sep,0,0,2,0,0,0,0,0,0,0,0,0
Sat Sep 11 2021,Sat,Sep,23.94,249,13,33,62,0,0,0,2.19,0,0,0
Sun Sep 12 2021,Sun,Sep,0,0,8,0,0,0,0,0,0,0,0,0
Mon Sep 13 2021,Mon,Sep,0.5,33,0,1,2,0,0,0,0,0,0,0
Tue Sep 14 2021,Tue,Sep,33.32,173,5,45,84,0,0,0,0,0,0,0
Wed Sep 15 2021,Wed,Sep,0,2,0,0,0,0,0,0,0,0,0,0
Thu Sep 16 2021,Thu,Sep,9.25,346,5,24,188,0.805,0,0,0,0,0,0
Fri Sep 17 2021,Fri,Sep,0,0,1,0,0,0.6405,0,0,0.3,0,0,0
Sat Sep 18 2021,Sat,Sep,0,0,1,0,0,0,0,0,0,0,0,0
Sun Sep 19 2021,Sun,Sep,30.58,362,2,41,66,1.6695,0,0,0,0,0,0
Mon Sep 20 2021,Mon,Sep,19.41,115,15,32,30,3.3145,0,8.064,0,0,0,0
Tue Sep 21 2021,Tue,Sep,0,2,25,0,0,0,0,0,0,0,0,0
Wed Sep 22 2021,Wed,Sep,36.99,934,28,73,139,1.4315,0.7945,7.1645,3.99,0,0,0
Thu Sep 23 2021,Thu,Sep,54.35,311,388,80,57,0,0,0.931,0,0,0,0
Fri Sep 24 2021,Fri,Sep,171.09,1228,302,211,57,0.7385,0,0,0,0,0,0
Sat Sep 25 2021,Sat,Sep,0,1,106,0,0,1.995,2.5235,2.219,0.2,0,0,0
Sun Sep 26 2021,Sun,Sep,205.03,1418,281,269,72,1.2905,0,0,0.43,0,0,0
Mon Sep 27 2021,Mon,Sep,33,1690,347,236,708,1.449,1.589,6.153,1.07,0,0,0
Tue Sep 28 2021,Tue,Sep,26.56,1071,185,214,700,3.0415,3.241,0.917,7.29,0,0,0
Wed Sep 29 2021,Wed,Sep,19.22,1014,128,151,662,3.094,3.612,0,0.02,0,0,0
Thu Sep 30 2021,Thu,Sep,129.48,886,55,158,61,4.4415,1.589,9.933,1,0,0,0
Fri Oct 01 2021,Fri,Oct,54.53,881,73,136,146,0.749,2.3835,0,0,0,0,0
Sat Oct 02 2021,Sat,Oct,52.21,363,48,71,67,0,0,4.3925,0,0,0,0
Sun Oct 03 2021,Sun,Oct,39.17,1745,57,71,181,2.205,0,0,0,0,0,0
Mon Oct 04 2021,Mon,Oct,63.8,831,68,136,115,1.8585,2.3835,0.6965,0.02,0,0,0
Tue Oct 05 2021,Tue,Oct,73.71,749,48,237,140,0.63,1.589,0,0.1,0,0,0
Wed Oct 06 2021,Wed,Oct,108.62,1065,34,134,67,0,0,0,2.12,0,0,0
Thu Oct 07 2021,Thu,Oct,44.39,1174,34,132,241,3.311,0.7945,0,2,0,0,0
Fri Oct 08 2021,Fri,Oct,31.28,1520,27,100,278,3.0135,0,0,0.5,0,0,0
Sat Oct 09 2021,Sat,Oct,0,0,28,0,0,0.7595,1.652,0,0,0,0,0
Sun Oct 10 2021,Sun,Oct,72.7,348,23,92,50,0.63,1.589,0,0.16,0,0,0
Mon Oct 11 2021,Mon,Oct,110.28,3562,33,135,69,0.525,0,5.999,0,0,0,0
Tue Oct 12 2021,Tue,Oct,121.12,767,28,151,65,1.1585,0.7945,0.6895,0.15,0,0,0
Wed Oct 13 2021,Wed,Oct,116.06,680,17,143,55,1.1655,0.7945,0,0,0,0,0
Thu Oct 14 2021,Thu,Oct,44.18,667,18,122,179,0.7595,0.7945,5.111,4.75,0,0,0
Fri Oct 15 2021,Fri,Oct,16.33,321,15,25,114,0.7595,0,0,0,0,0,0
Sat Oct 16 2021,Sat,Oct,54.54,474,9,91,98,2.2575,0.7945,0,0.67,0,0,0
Sun Oct 17 2021,Sun,Oct,232.9,836,45,290,50,3.5175,0,3.4265,0.16,0,0,0
Mon Oct 18 2021,Mon,Oct,413.38,2457,253,486,67,5.684,0,8.638,3.17,0,0,0
Tue Oct 19 2021,Tue,Oct,202.25,2015,147,436,132,7.728,1.589,3.402,3.76,0,0,0
Wed Oct 20 2021,Wed,Oct,272.02,1177,97,330,52,1.3055,0,0,1.5,0,0,0
Thu Oct 21 2021,Thu,Oct,171.95,1121,87,218,83,1.925,1.589,0,0.2,0,0,0
Fri Oct 22 2021,Fri,Oct,16.86,181,26,34,111,1.554,0,0.861,0,0,0,0
Sat Oct 23 2021,Sat,Oct,94.6,1790,46,265,184,1.526,0.7945,0.7455,0.14,0,0,0
Sun Oct 24 2021,Sun,Oct,70.03,1227,54,242,220,2.3835,0.7945,0.63,0,0,0,0
Mon Oct 25 2021,Mon,Oct,278.52,1495,58,336,61,1.8795,0,0,0.4,0,0,0
Tue Oct 26 2021,Tue,Oct,279.78,1573,28,322,50,0.637,0,0,0,0,0,0
Wed Oct 27 2021,Wed,Oct,135.25,2673,46,311,139,3.689,0,0,0.05,0,0,0
Thu Oct 28 2021,Thu,Oct,102.82,1134,26,194,115,2.3275,0,0,0,0,0,0
Fri Oct 29 2021,Fri,Oct,40.4,605,28,133,145,3.1115,2.163,1.512,0,0,0,0
Sat Oct 30 2021,Sat,Oct,19.33,514,24,44,221,1.5255,0,0,0.02,0,0,0
Sun Oct 31 2021,Sun,Oct,41.78,1889,14,132,336,2.891,2.3835,9.737,3.14,0,0,0
Mon Nov 01 2021,Mon,Nov,177.56,966,18,243,26,1.512,0,1.267,64.35,0,0,0
Tue Nov 02 2021,Tue,Nov,164.16,1594,74,317,103,4.13,0,1.799,0,0,0,0
Wed Nov 03 2021,Wed,Nov,148.84,2243,28,266,110,5.131,3.178,14.476,0,0,0,0
Thu Nov 04 2021,Thu,Nov,67.32,2164,25,212,186,4.284,6.482,18.935,0.01,0,0,0
Fri Nov 05 2021,Fri,Nov,27.05,428,13,35,60,0.7455,0,1.267,0,0,0,0
Sat Nov 06 2021,Sat,Nov,61.46,2483,20,194,216,0.77,2.3835,10.689,0.54,0,0,0
Sun Nov 07 2021,Sun,Nov,41.63,1997,31,125,330,4.06,0,0.7525,0.58,0,0,0
Mon Nov 08 2021,Mon,Nov,169.13,2869,67,283,143,3.3775,1.589,16.6355,6.6,0,0,0
Tue Nov 09 2021,Tue,Nov,188.08,2124,20,250,93,0.65,3.241,4.452,0.03,0,0,0
Wed Nov 10 2021,Wed,Nov,84.2,3790,17,241,285,1.196,0.7945,5.089,0.02,0,0,0
Thu Nov 11 2021,Thu,Nov,50.99,5379,126,333,1010,0.8925,1.589,5.4985,26.6,0,0,0
Fri Nov 12 2021,Fri,Nov,27.85,3527,52,59,1248,0.917,0,13.265,137.59,0,0,0
Sat Nov 13 2021,Sat,Nov,92.87,3369,18,157,136,1.6975,0,0,0,0,0,0
Sun Nov 14 2021,Sun,Nov,94.53,3295,62,129,146,1.5645,0,0,0,0,0,0
Mon Nov 15 2021,Mon,Nov,190.23,1551,27,323,52,0,1.589,0,2.65,0,0,0
Tue Nov 16 2021,Tue,Nov,160.54,1095,20,205,54,3.605,1.743,0,0,0,0,0
Wed Nov 17 2021,Wed,Nov,162.74,1005,19,203,53,1.8965,0.7945,0,0,0,0,0
Thu Nov 18 2021,Thu,Nov,46.38,2188,18,260,417,2.653,0.7945,0,0,0,0,0
Fri Nov 19 2021,Fri,Nov,19.59,2146,33,40,597,3.955,0,0,4.23,0,0,0
Sat Nov 20 2021,Sat,Nov,14.92,136,10,24,72,1.512,0.7945,0,0.08,0,0,0
Sun Nov 21 2021,Sun,Nov,0,0,14,0,0,0.7525,0,0,0,0,0,0
Mon Nov 22 2021,Mon,Nov,170.3,1879,45,290,111,5.649,2.3835,0,0.11,0,0,0
Tue Nov 23 2021,Tue,Nov,131.61,2422,23,235,110,2.9435,1.589,2.6565,1,0,0,0
Wed Nov 24 2021,Wed,Nov,58.18,2402,47,369,311,2.401,1.589,8.2355,4.08,0,0,0
Thu Nov 25 2021,Thu,Nov,13.34,129,26,26,56,0,0,0,1.43,0,0,0
Fri Nov 26 2021,Fri,Nov,135.8,6075,90,296,342,0,0,3.311,1,0,0,0
Sat Nov 27 2021,Sat,Nov,117.71,216,31,133,13,2.107,0.7945,36.029,3,0,0,0
Sun Nov 28 2021,Sun,Nov,141.47,2504,143,260,142,5.222,0,2.821,0,0,0,0
Mon Nov 29 2021,Mon,Nov,513.86,5867,382,647,139,6.552,2.3835,2.5375,0.81,0,0,0
Tue Nov 30 2021,Tue,Nov,165.17,3699,179,293,326,4.62,0.7945,0,0.19,0,0,0
Wed Dec 01 2021,Wed,Dec,167.43,5798,121,454,285,4.957,5.7015,2.8455,0.37,0,0,0
Thu Dec 02 2021,Thu,Dec,234.67,3580,200,375,270,2.044,0.7945,0,0.01,0,0,0
Fri Dec 03 2021,Fri,Dec,758.05,8630,402,947,172,5.7715,4.893,6.368,4,0,0,0
Sat Dec 04 2021,Sat,Dec,158.58,1116,68,283,83,8.134,2.3835,6.37,5.89,0,0,0
Sun Dec 05 2021,Sun,Dec,277.76,2023,66,346,68,0.7175,0,0,0.38,0,0,0
Mon Dec 06 2021,Mon,Dec,325.95,2567,83,427,79,2.03,3.9725,0,10.19,0,0,0
Tue Dec 07 2021,Tue,Dec,291.44,3092,115,431,100,4.0285,3.178,1.946,7.98,0,0,0
Wed Dec 08 2021,Wed,Dec,76.35,3481,70,247,286,1.617,0.7945,0.84,0,0,0,0
Thu Dec 09 2021,Thu,Dec,135.49,1485,39,265,97,0,0.7945,0,0,0,0,0
Fri Dec 10 2021,Fri,Dec,41.66,637,22,64,60,0.889,2.4465,0.6125,0.6,0,0,0
Sat Dec 11 2021,Sat,Dec,38.14,899,50,184,222,0.7175,0.7945,6.0935,1.22,0,0,0
Sun Dec 12 2021,Sun,Dec,0,0,3,0,0,0,0,0,0,0,0,0
Mon Dec 13 2021,Mon,Dec,0,0,1,0,0,0.7455,0,0,0,0,0,0
Tue Dec 14 2021,Tue,Dec,0,0,5,0,0,0,0,0,0,0,0,0
Wed Dec 15 2021,Wed,Dec,0,0,2,0,0,0,0,0,0,0,0,0
Thu Dec 16 2021,Thu,Dec,0,2,2,0,0,1.456,0,0,0,0,0,0
Fri Dec 17 2021,Fri,Dec,84.16,2213,9,111,87,0.756,0,9.1665,7.96,0,0,0
Sat Dec 18 2021,Sat,Dec,0,0,0,0,0,0.742,0,0,0,0,0,0
Sun Dec 19 2021,Sun,Dec,22.34,1465,33,46,418,2.3555,0,0,0,0,0,0
Mon Dec 20 2021,Mon,Dec,21.91,25,3,29,34,0.7175,0.7945,0.609,0.01,0,0,0
Tue Dec 21 2021,Tue,Dec,0,0,2,0,0,0.7175,0,0,0,0,0,0
Wed Dec 22 2021,Wed,Dec,59.12,787,4,93,128,0.7245,0,0,0.2,0,0,0
Thu Dec 23 2021,Thu,Dec,0,0,0,0,0,0.728,0,0,0.03,0,0,0
Fri Dec 24 2021,Fri,Dec,0,0,0,0,0,0.7245,0,0,0,0,0,0
Sat Dec 25 2021,Sat,Dec,0,33,2,0,0,0.595,0,0,0,0,0,0
Sun Dec 26 2021,Sun,Dec,30.02,721,18,45,123,0,0,0,0,0,0,0
Mon Dec 27 2021,Mon,Dec,15.95,133,5,28,55,1.3195,0,1.785,8.4,0,0,0
Tue Dec 28 2021,Tue,Dec,0,0,1,0,0,1.3055,0,0,0,0,0,0
Wed Dec 29 2021,Wed,Dec,27.11,822,6,38,178,3.1255,0,0,0,0,0,0
Thu Dec 30 2021,Thu,Dec,20.56,1865,18,44,368,0.672,0,0,3.13,0,0,0
Fri Dec 31 2021,Fri,Dec,28.65,850,4,37,85,3.395,0,4.2245,0.22,0,0,0
Sat Jan 01 2022,Sat,Jan,26.88,956,9,35,112,0.665,0.9345,0,0,0,0,0
Sun Jan 02 2022,Sun,Jan,24.35,475,10,33,69,0.7105,0,8.2075,11.1,0,0,0
Mon Jan 03 2022,Mon,Jan,27.12,1571,27,59,281,4.6305,0,0,0.76,0,0,0
Tue Jan 04 2022,Tue,Jan,18.17,834,14,43,215,5.2185,0,0,1.5,0,0,0
Wed Jan 05 2022,Wed,Jan,18.91,544,10,29,117,2.2155,0,0,1.83,0,0,0
Thu Jan 06 2022,Thu,Jan,0,0,1,0,0,1.47,0,0,0,0,0,0
Fri Jan 07 2022,Fri,Jan,8.86,329,7,18,193,0.7245,0,0,1.2,0,0,0
Sat Jan 08 2022,Sat,Jan,27.09,268,5,34,46,2.5515,0,0,0,0,0,0
Sun Jan 09 2022,Sun,Jan,21.6,1271,15,32,235,1.26,0,0,4.42,0,0,0
Mon Jan 10 2022,Mon,Jan,43.83,1269,14,100,205,0,0,0,1.78,0,0,0
Tue Jan 11 2022,Tue,Jan,84.94,2983,36,179,317,2.093,3.9725,8.3055,32.08,0,0,0
Wed Jan 12 2022,Wed,Jan,28.06,801,17,41,125,1.267,0,0,0.6,0,0,0
Thu Jan 13 2022,Thu,Jan,14.01,373,12,27,103,0.763,0,0,2,0,0,0
Fri Jan 14 2022,Fri,Jan,0,0,5,0,0,0.763,0,0,0,0,0,0
Sat Jan 15 2022,Sat,Jan,15.09,343,6,25,118,0,0,0,0,0,0,0
Sun Jan 16 2022,Sun,Jan,20.5,369,14,31,112,1.5085,0,0,1.51,0,0,0
Mon Jan 17 2022,Mon,Jan,20.9,467,8,36,145,0.735,0.7945,0,0.53,0,0,0
Tue Jan 18 2022,Tue,Jan,34.3,462,10,85,160,0,0,0,3,0,0,0
Wed Jan 19 2022,Wed,Jan,15.69,536,14,30,284,1.68,0,0,0.5,0,0,0
Thu Jan 20 2022,Thu,Jan,23.65,746,24,38,268,0.777,0.7945,0,1.5,0,0,0
Fri Jan 21 2022,Fri,Jan,15.19,272,9,28,166,0,0,0,0.5,0,0,0
Sat Jan 22 2022,Sat,Jan,10.93,17,2,17,41,0.784,0,0,0.5,0,0,0
Sun Jan 23 2022,Sun,Jan,76.58,880,13,95,120,0.784,0,0,0,0,0,0
Mon Jan 24 2022,Mon,Jan,49.32,2854,19,147,317,1.3825,2.0125,5.992,8.5,0,0,0
Tue Jan 25 2022,Tue,Jan,46.99,879,11,72,150,0.693,0,0.6405,0.19,0,0,0
Wed Jan 26 2022,Wed,Jan,31.7,739,5,55,146,0,0.7945,0,0.5,0,0,0
Thu Jan 27 2022,Thu,Jan,14.9,246,12,25,116,0.777,0,0,0,0,0,0
Fri Jan 28 2022,Fri,Jan,17.57,21,4,20,7,1.386,0,0,0.06,0,0,0
Sat Jan 29 2022,Sat,Jan,0,0,3,0,0,3.227,0,0,0,0,0,0
Sun Jan 30 2022,Sun,Jan,0,0,2,0,0,0.6965,0,0,0,0,0,0
Mon Jan 31 2022,Mon,Jan,15.09,456,6,25,122,1.5015,0,0,0,0,0,0
Tue Feb 01 2022,Tue,Feb,14.72,24,5,20,42,0,0,0,0.05,0,0,0
Wed Feb 02 2022,Wed,Feb,37.96,576,6,60,101,0.763,0,0,0,0,0,0
Thu Feb 03 2022,Thu,Feb,10.07,186,8,17,280,2.1175,2.3835,0,0,0,0,0
Fri Feb 04 2022,Fri,Feb,12.54,295,6,20,142,3.857,0,0,0,0,0,0
Sat Feb 05 2022,Sat,Feb,9.7,52,2,16,77,0,0.7945,0,0.06,0,0,0
Sun Feb 06 2022,Sun,Feb,0,2,1,0,0,1.449,0,0,0,0,0,0
Mon Feb 07 2022,Mon,Feb,11.52,403,11,41,217,0.854,0,0,0.5,0,0,0
Tue Feb 08 2022,Tue,Feb,16.33,395,4,23,124,3.297,0,0,0.16,0,0,0
Wed Feb 09 2022,Wed,Feb,15.07,372,7,24,180,0,0,0,0.5,0,0,0
Thu Feb 10 2022,Thu,Feb,9.5,250,2,18,104,0,0,0,0,0,0,0
Fri Feb 11 2022,Fri,Feb,0,0,3,0,0,0,0.7945,0.798,0,0,0,0
Sat Feb 12 2022,Sat,Feb,22.01,798,2,32,88,0,0,0,0,0,0,0
Sun Feb 13 2022,Sun,Feb,17.13,240,2,24,59,0.7105,0,2.324,0,0,0,0
Mon Feb 14 2022,Mon,Feb,0,0,1,0,0,0,0,0,0,0,0,0
Tue Feb 15 2022,Tue,Feb,2.8,15,8,9,5,0,0,0,0,0,0,0
Wed Feb 16 2022,Wed,Feb,49.17,865,15,156,156,1.5435,0.7945,0,0,0,0,0
Thu Feb 17 2022,Thu,Feb,23.17,394,8,56,149,0,0,0,1.07,0,0,0
Fri Feb 18 2022,Fri,Feb,22.81,609,12,86,237,0,0,0,0.1,0,0,0
Sat Feb 19 2022,Sat,Feb,6.43,8,7,9,14,1.687,0,0,0,0,0,0
Sun Feb 20 2022,Sun,Feb,15.83,470,8,26,109,0.7805,0,0,0,0,0,0
Mon Feb 21 2022,Mon,Feb,62.56,731,25,88,77,2.4605,0,0,0.41,0,0,0
Tue Feb 22 2022,Tue,Feb,34.4,426,15,44,64,0.5355,0.7945,0,1,0,0,0
Wed Feb 23 2022,Wed,Feb,0,3,10,0,0,0,0,0,0,0,0,0
Thu Feb 24 2022,Thu,Feb,17.58,333,13,32,115,0,0,0,0.05,0,0,0
Fri Feb 25 2022,Fri,Feb,0,0,3,0,0,0,0,0,0,0,0,0
Sat Feb 26 2022,Sat,Feb,0,0,1,0,0,0,0,0,0,0,0,0
Sun Feb 27 2022,Sun,Feb,0,0,0,0,0,0.777,0,0,0,0,0,0
Mon Feb 28 2022,Mon,Feb,0,2,5,0,0,2.954,0,0,0,0,0,0
